{"label": "initial model", "test accuracy": 0.93333333333333335, "train accuracy": 0.9916666666666667}